{"input": [26, 0, 1, 2], "logits": [[1.0249581529966014, -0.5181770915872228, -0.03495672128315657, 0.02225123444164232, 0.008249522392564393, -1.5034950392584405, -1.4213248783769419, -0.8432780243461268, -0.6858938461500697, 0.4611399578302634, 0.5587678526035029, 0.009491520330206438, 0.43874509513570703, -0.34630214553277816, -0.883472919719932, -1.3945574304301998, -4.642841188357566, -0.2768296139735643, 0.32262873025988303, -0.3445698907621989, -2.205304583788316, -1.1773788866597694, -1.9637010888196804, -2.716639268273734, -1.1074617174120014, -0.29701162049848273, -2.5016248867796365], [-0.403732045153236, -0.11939217305368433, -0.6449973244428325, 0.5070585417672138, -0.897693671537822, -2.719487648790297, -2.393651007030605, -0.21146222741182258, -0.6335756112749786, -1.1109736160146342, 0.1702872889994091, 1.4247711772035803, 0.7760888254268219, 1.7041071175486144, -1.5327640304204966, -2.758302854172855, -6.482913043728692, 1.2423551382784626, 0.08564924491962843, -0.909252915974341, -2.199459571291458, -0.33853533810759207, -2.341572187976709, -2.924413501865313, -0.5122569939136241, -0.2373343974842202, -1.2143796013635646], [0.7674635659891352, -1.0235516577002368, -1.555030650323891, -1.0924350122475839, 1.049711547898083, -3.0744024962411713, -2.594825289272937, -1.1205677203789461, 1.3843945776649793, -3.3455155587770715, -1.8042828331854177, 0.12031930751662658, -0.46605088808660533, -0.7152250588083465, 0.039021583828964056, -3.659825047661768, -6.860279187100144, 1.3134041408525716, -0.9045944187599558, -1.712021157156904, -1.1426108317292183, -1.1010579795806958, -2.837012277508133, -3.326688325261275, 0.9618640360906913, -0.7339695926661955, -1.1129836379524662], [1.192949073156112, -2.2178028194277397, -1.1754744512163853, -1.0144974029469753, 1.0124872371294114, -3.369128736588989, -2.4356416755943457, 0.42770073220716315, 0.6779306988305317, -1.9322896209500362, -0.4410866277381461, 0.40220986300730455, -0.8478016312296182, -1.7130511374231905, 0.005326616770112924, -3.5777338126643428, -6.822938396973983, -0.5374897650226149, -0.5632841176345431, -0.5469413102576961, -1.5857121533718006, -1.8273996612420402, -3.56766424033685, -4.028165941762789, -0.14233964432091215, -1.295061819414713, -2.4139680127595686]], "vocab_size": 27, "bos_id": 26}